Client_ID,KL value,,Average KL
0,0.002057168132174189,,0.002057168132174189
