Wall time,Step,Value
1672789396.1200094,1,0.1412999927997589
1672789520.7845404,2,0.25459998846054077
1672789647.4277418,3,0.29510000348091125
